{"12_10_35_0": {"0": 3.9175603425974597, "1": 1.7831514501923031, "2": 3.3391577505954917, "3": 3.4909566610422247, "4": 1.8535216414615692, "5": 1.8541495466636566}, "12_10_34_0": {"0": 3.6389993326248113, "1": 1.2445668182740444, "2": 1.9853139518954042, "3": 2.247678390319804, "4": 1.9096587059075687, "5": 1.9599355577100126}, "12_10_33_0": {"0": 1.8982791017216674, "1": 1.2498683309511327, "2": 1.4999999929379146, "3": 2.5074649600131202, "4": 1.4947834437145002, "5": 1.5262000926571067}, "12_11_33_0": {"0": 1.9970577520967285, "1": 2.603956713216725, "2": 1.9940279498396527, "3": 1.49999997981862, "4": 1.4993653827149462, "5": 1.9970449074007814}, "12_10_32_0": {"0": 1.7810955377836089, "1": 0.375, "2": 0.5, "3": 0.3125, "4": 0.5, "5": 0.5}, "12_10_31_0": {"0": 0.5, "1": 0.3125, "2": 0.5, "3": 0.5, "4": 0.5, "5": 0.5}, "12_9_31_0": {"0": 0.5, "1": 0.375, "2": 0.5, "3": 0.375, "4": 0.5, "5": 0.3125}, "12_9_30_0": {"0": 0.5, "1": 0.59375, "2": 0.5, "3": 2.03125, "4": 0.5, "5": 0.5}, "12_9_29_0": {"0": 0.5, "1": 0.5, "2": 0.5, "3": 2.03125, "4": 0.5, "5": 0.59375}, "12_9_28_0": {"0": 0.5, "1": 2.1640038244021915, "2": 0.5, "3": 0.5, "4": 0.5, "5": 0.59375}, "12_8_28_0": {"0": 1.1249823423470413, "1": 2.0633891598128384, "2": 1.6242012890149171, "3": 1.6063944297741846, "4": 1.896561072762779, "5": 1.906015297608766}, "12_8_29_0": {"0": 1.8119720015630187, "1": 1.9497023961243727, "2": 1.2499818627564672, "3": 1.6249913918941827, "4": 1.990837924008199, "5": 1.987716484950289}, "12_8_28_1": {"0": 0.158203125, "1": 0.73046875, "2": 0.1640625, "3": 0.17578125, "4": 0.1318359375, "5": 0.17578125}, "12_7_28_1": {"0": 1.375, "1": 0.5, "2": 0.5, "3": 0.5, "4": 0.5, "5": 0.5}, "12_7_29_1": {"0": 3.03125, "1": 0.5, "2": 0.5, "3": 0.5, "4": 1.71875, "5": 0.5}, "12_7_30_1": {"0": 4.889861887320876, "1": 4.7425537109375, "2": 0.5, "3": 0.5, "4": 0.5, "5": 2.34375}, "12_7_31_1": {"0": 0.5, "1": 0.5, "2": 1.375, "3": 3.894340471830219, "4": 4.681854074820876, "5": 6.8094475492835045}, "12_6_30_1": {"0": 0.5, "1": 7.528262578763726, "2": 0.5, "3": 0.5, "4": 7.456997513771057, "5": 6.22021484375}, "12_5_30_1": {"0": 10.000002745392301, "1": 9.979825000772525, "2": 9.717690336317668, "3": 9.993214664737987, "4": 9.917938036189156, "5": 9.96236613422721}, "12_4_30_1": {"0": 2.875, "1": 0.5, "2": 0.5, "3": 0.5, "4": 0.5, "5": 0.5}, "12_4_31_1": {"0": 3.9997177124023438, "1": 7.436864852905273, "2": 10.701608263100901, "3": 0.5, "4": 4.171586097733504, "5": 5.652244567871094}, "12_5_31_1": {"0": 11.118132661379335, "1": 9.532598016844098, "2": 9.437478293184558, "3": 10.426829560269255, "4": 11.122399879601545, "5": 11.107272612795114}, "12_5_29_1": {"0": 0.5, "1": 0.5, "2": 1.875, "3": 0.5, "4": 0.5, "5": 0.5}, "12_6_29_1": {"0": 3.65673828125, "1": 0.5, "2": 0.5, "3": 0.5, "4": 0.5, "5": 0.5}, "12_6_31_1": {"0": 9.851220607492479, "1": 10.999942875732385, "2": 8.452235307005246, "3": 9.850660476290475, "4": 9.986728474155566, "5": 9.828751017336213}, "12_8_31_1": {"0": 2.03125, "1": 0.5, "2": 0.5, "3": 1.376953125, "4": 0.5, "5": 0.5}, "12_8_30_1": {"0": 1.7578125, "1": 0.5, "2": 0.5, "3": 0.5, "4": 1.689453125, "5": 1.689453125}, "12_11_35_0": {"0": 3.140435828059619, "1": 2.0340174944782303, "2": 2.037965857480975, "3": 2.039841244598066, "4": 2.0163132563111517, "5": 2.0002204425345305}, "12_11_34_0": {"0": 2.4121072721847368, "1": 1.7962904642560202, "2": 0.5546875, "3": 0.5, "4": 0.3125, "5": 0.5}, "0_11_0_0": {"0": 0.5, "1": 1.375, "2": 0.5, "3": 0.5, "4": 0.5, "5": 0.375}, "0_10_0_0": {"0": 1.375, "1": 1.1868081928956995, "2": 0.5, "3": 3.9311655422763727, "4": 1.3857452949256968, "5": 1.1675643208704636}, "0_10_1_0": {"0": 0.5, "1": 0.375, "2": 0.5, "3": 1.59375, "4": 0.5, "5": 0.5}, "12_10_35_1": {"0": 3.375, "1": 6.448565871721996, "2": 7.1501021758834895, "3": 4.391296398222039, "4": 9.474603865165989, "5": 8.673939177769734}, "12_11_35_1": {"0": 0.5, "1": 9.228321863842211, "2": 7.989966087224467, "3": 4.242071970152665, "4": 7.4388300847157325, "5": 7.043242717623912}, "12_10_34_1": {"0": 4.815185592888156, "1": 0.5, "2": 0.5, "3": 1.875, "4": 0.5, "5": 0.5}, "0_10_0_1": {"0": 0.5, "1": 0.5, "2": 8.54517936706543, "3": 4.893672003999768, "4": 0.5, "5": 0.5}, "0_11_0_1": {"0": 0.5, "1": 9.532592296600342, "2": 0.5, "3": 0.5, "4": 4.184539794921875, "5": 4.684539794921875}, "12_10_33_1": {"0": 0.5, "1": 0.5, "2": 0.5, "3": 1.375, "4": 0.5, "5": 1.875}, "12_10_32_1": {"0": 0.5, "1": 0.5, "2": 0.5, "3": 0.375, "4": 0.5, "5": 0.5}, "12_10_31_1": {"0": 0.5, "1": 0.5, "2": -0.125, "3": 0.5, "4": 0.5, "5": 0.375}, "12_11_31_1": {"0": 0.5, "1": 0.5, "2": -0.125, "3": 0.5, "4": 0.5, "5": 0.5}, "12_12_31_1": {"0": 0.5, "1": 0.5, "2": -0.625, "3": -0.625, "4": 0.5, "5": 0.5}, "12_12_30_1": {"0": -0.125, "1": 0.5, "2": -1.125, "3": 0.5, "4": -1.125, "5": 0.5}, "12_13_31_1": {"0": -3.8070740699768066, "1": -3.815358877182007, "2": -3.8363605737686157, "3": -3.0174887776374817, "4": -3.809912919998169, "5": -3.786912441253662}, "12_14_31_1": {"0": -1.625, "1": -0.625, "2": 0.5, "3": 0.5, "4": 0.5, "5": 0.5}, "12_13_30_1": {"0": -1.5712443888187408, "1": -0.625, "2": 0.5, "3": 0.5, "4": 0.5, "5": 0.5}, "12_8_31_0": {"0": 0.5, "1": 0.5, "2": 0.5, "3": 0.375, "4": 0.5, "5": 0.5}, "12_8_30_0": {"0": 0.5, "1": 2.395376205444336, "2": 0.640625, "3": 0.5, "4": 0.7767333984375, "5": 0.59375}, "12_7_30_0": {"0": 0.5, "1": 0.5, "2": 1.1099638938903809, "3": 0.5, "4": 0.5, "5": 0.5}, "12_7_28_0": {"0": 1.375, "1": 0.5, "2": 0.5, "3": 0.53125, "4": 0.5, "5": 0.5}, "12_7_27_0": {"0": 1.8203125, "1": 0.5, "2": 0.5, "3": 0.5, "4": 0.375, "5": 0.375}, "12_7_29_0": {"0": 0.5, "1": 0.875, "2": 1.1484375, "3": 0.5, "4": 0.5, "5": 0.46875}, "12_6_29_0": {"0": 2.8399717130173197, "1": 1.9756646762373478, "2": 1.9676092050668181, "3": 1.9530560610027994, "4": 1.9924627191452862, "5": 1.4999995221661022}, "12_6_30_0": {"0": 1.490242803791543, "1": 1.9234976436803959, "2": 1.470978312661381, "3": 3.0077709081410813, "4": 1.813143689189528, "5": 1.9577732454641024}, "12_8_29_1": {"0": 1.2453753763402347, "1": 2.4053826349963856, "2": 1.121097973787073, "3": 1.6148943408916239, "4": 1.969723753723997, "5": 1.247398649191382}, "12_9_29_1": {"0": 0.5, "1": 1.239907917907999, "2": 0.5, "3": 0.5, "4": 0.5, "5": 0.5}}